Selecao,CodigoCasa,Casa,odd_fracionaria,prob_implicita,prob_implicita_pct
France,B3,bet365,10/3,0.23076923076923078,23.076923076923077
France,WH,William Hill,7/2,0.2222222222222222,22.22222222222222
France,UN,Unibet,57/17,0.22972972972972974,22.972972972972975
France,FR,Betfred,10/3,0.23076923076923078,23.076923076923077
France,EE,888sport,7/2,0.2222222222222222,22.22222222222222
France,SX,Spreadex,10/3,0.23076923076923078,23.076923076923077
France,LD,Ladbrokes,3,0.25,25.0
France,VC,Bet Victor,3,0.25,25.0
France,KN,BetMGM UK,7/2,0.2222222222222222,22.22222222222222
France,BY,Boylesports,10/3,0.23076923076923078,23.076923076923077
France,OE,10Bet,16/5,0.23809523809523808,23.809523809523807
France,S6,StarSports,7/2,0.2222222222222222,22.22222222222222
France,PUP,PricedUp,18/5,0.21739130434782608,21.73913043478261
France,SI,Sporting Index,10/3,0.23076923076923078,23.076923076923077
France,G5,BetGoodwin,29/10,0.2564102564102564,25.64102564102564
France,VE,Virgin Bet,7/2,0.2222222222222222,22.22222222222222
France,QN,QuinnBet,3,0.25,25.0
France,WA,Betway,7/2,0.2222222222222222,22.22222222222222
France,CE,Coral,3,0.25,25.0
France,BAH,BetAhoy,29/10,0.2564102564102564,25.64102564102564
France,BTT,BetTom,29/10,0.2564102564102564,25.64102564102564
France,BRS,BresBet,7/2,0.2222222222222222,22.22222222222222
France,SK,Sky Bet,7/2,0.2222222222222222,22.22222222222222
France,PP,Paddy Power,7/2,0.2222222222222222,22.22222222222222
France,AKB,AK Bets,18/5,0.21739130434782608,21.73913043478261
France,BF,Betfair,10/3,0.23076923076923078,23.076923076923077
France,MA,Matchbook,10/3,0.23076923076923078,23.076923076923077
Argentina,B3,bet365,4,0.2,20.0
Argentina,WH,William Hill,4,0.2,20.0
Argentina,UN,Unibet,4,0.2,20.0
Argentina,FR,Betfred,4,0.2,20.0
Argentina,EE,888sport,4,0.2,20.0
Argentina,SX,Spreadex,4,0.2,20.0
Argentina,LD,Ladbrokes,4,0.2,20.0
Argentina,VC,Bet Victor,4,0.2,20.0
Argentina,KN,BetMGM UK,4,0.2,20.0
Argentina,BY,Boylesports,4,0.2,20.0
Argentina,OE,10Bet,4,0.2,20.0
Argentina,S6,StarSports,4,0.2,20.0
Argentina,PUP,PricedUp,4,0.2,20.0
Argentina,SI,Sporting Index,4,0.2,20.0
Argentina,G5,BetGoodwin,15/4,0.21052631578947367,21.052631578947366
Argentina,VE,Virgin Bet,4,0.2,20.0
Argentina,QN,QuinnBet,4,0.2,20.0
Argentina,WA,Betway,4,0.2,20.0
Argentina,CE,Coral,4,0.2,20.0
Argentina,BAH,BetAhoy,15/4,0.21052631578947367,21.052631578947366
Argentina,BTT,BetTom,15/4,0.21052631578947367,21.052631578947366
Argentina,BRS,BresBet,4,0.2,20.0
Argentina,SK,Sky Bet,9/2,0.18181818181818182,18.181818181818183
Argentina,PP,Paddy Power,9/2,0.18181818181818182,18.181818181818183
Argentina,AKB,AK Bets,21/5,0.19230769230769232,19.230769230769234
Argentina,BF,Betfair,103/25,0.1953125,19.53125
Argentina,MA,Matchbook,103/25,0.1953125,19.53125
England,B3,bet365,7,0.125,12.5
England,WH,William Hill,6,0.14285714285714285,14.285714285714285
England,UN,Unibet,15/2,0.11764705882352941,11.76470588235294
England,FR,Betfred,7,0.125,12.5
England,EE,888sport,6,0.14285714285714285,14.285714285714285
England,SX,Spreadex,7,0.125,12.5
England,LD,Ladbrokes,7,0.125,12.5
England,VC,Bet Victor,5,0.16666666666666666,16.666666666666664
England,KN,BetMGM UK,7,0.125,12.5
England,BY,Boylesports,13/2,0.13333333333333333,13.333333333333334
England,OE,10Bet,7,0.125,12.5
England,S6,StarSports,7,0.125,12.5
England,PUP,PricedUp,15/2,0.11764705882352941,11.76470588235294
England,SI,Sporting Index,7,0.125,12.5
England,G5,BetGoodwin,6,0.14285714285714285,14.285714285714285
England,VE,Virgin Bet,7,0.125,12.5
England,QN,QuinnBet,7,0.125,12.5
England,WA,Betway,15/2,0.11764705882352941,11.76470588235294
England,CE,Coral,7,0.125,12.5
England,BAH,BetAhoy,6,0.14285714285714285,14.285714285714285
England,BTT,BetTom,6,0.14285714285714285,14.285714285714285
England,BRS,BresBet,7,0.125,12.5
England,SK,Sky Bet,13/2,0.13333333333333333,13.333333333333334
England,PP,Paddy Power,13/2,0.13333333333333333,13.333333333333334
England,AKB,AK Bets,8,0.1111111111111111,11.11111111111111
England,BF,Betfair,196/25,0.11312217194570136,11.312217194570136
England,MA,Matchbook,191/25,0.11574074074074074,11.574074074074074
Spain,B3,bet365,7,0.125,12.5
Spain,WH,William Hill,6,0.14285714285714285,14.285714285714285
Spain,UN,Unibet,15/2,0.11764705882352941,11.76470588235294
Spain,FR,Betfred,6,0.14285714285714285,14.285714285714285
Spain,EE,888sport,6,0.14285714285714285,14.285714285714285
Spain,SX,Spreadex,13/2,0.13333333333333333,13.333333333333334
Spain,LD,Ladbrokes,7,0.125,12.5
Spain,VC,Bet Victor,7,0.125,12.5
Spain,KN,BetMGM UK,6,0.14285714285714285,14.285714285714285
Spain,BY,Boylesports,7,0.125,12.5
Spain,OE,10Bet,7,0.125,12.5
Spain,S6,StarSports,11/2,0.15384615384615385,15.384615384615385
Spain,PUP,PricedUp,8,0.1111111111111111,11.11111111111111
Spain,SI,Sporting Index,13/2,0.13333333333333333,13.333333333333334
Spain,G5,BetGoodwin,13/2,0.13333333333333333,13.333333333333334
Spain,VE,Virgin Bet,6,0.14285714285714285,14.285714285714285
Spain,QN,QuinnBet,15/2,0.11764705882352941,11.76470588235294
Spain,WA,Betway,15/2,0.11764705882352941,11.76470588235294
Spain,CE,Coral,7,0.125,12.5
Spain,BAH,BetAhoy,13/2,0.13333333333333333,13.333333333333334
Spain,BTT,BetTom,13/2,0.13333333333333333,13.333333333333334
Spain,BRS,BresBet,11/2,0.15384615384615385,15.384615384615385
Spain,SK,Sky Bet,6,0.14285714285714285,14.285714285714285
Spain,PP,Paddy Power,6,0.14285714285714285,14.285714285714285
Spain,AKB,AK Bets,8,0.1111111111111111,11.11111111111111
Spain,BF,Betfair,191/25,0.11574074074074074,11.574074074074074
Spain,MA,Matchbook,191/25,0.11574074074074074,11.574074074074074
Brazil,B3,bet365,14,0.06666666666666667,6.666666666666667
Brazil,WH,William Hill,12,0.07692307692307693,7.6923076923076925
Brazil,UN,Unibet,13,0.07142857142857142,7.142857142857142
Brazil,FR,Betfred,12,0.07692307692307693,7.6923076923076925
Brazil,EE,888sport,12,0.07692307692307693,7.6923076923076925
Brazil,SX,Spreadex,12,0.07692307692307693,7.6923076923076925
Brazil,LD,Ladbrokes,12,0.07692307692307693,7.6923076923076925
Brazil,VC,Bet Victor,14,0.06666666666666667,6.666666666666667
Brazil,KN,BetMGM UK,14,0.06666666666666667,6.666666666666667
Brazil,BY,Boylesports,12,0.07692307692307693,7.6923076923076925
Brazil,OE,10Bet,14,0.06666666666666667,6.666666666666667
Brazil,S6,StarSports,12,0.07692307692307693,7.6923076923076925
Brazil,PUP,PricedUp,14,0.06666666666666667,6.666666666666667
Brazil,SI,Sporting Index,12,0.07692307692307693,7.6923076923076925
Brazil,G5,BetGoodwin,11,0.08333333333333333,8.333333333333332
Brazil,VE,Virgin Bet,14,0.06666666666666667,6.666666666666667
Brazil,QN,QuinnBet,12,0.07692307692307693,7.6923076923076925
Brazil,WA,Betway,12,0.07692307692307693,7.6923076923076925
Brazil,CE,Coral,12,0.07692307692307693,7.6923076923076925
Brazil,BAH,BetAhoy,11,0.08333333333333333,8.333333333333332
Brazil,BTT,BetTom,11,0.08333333333333333,8.333333333333332
Brazil,BRS,BresBet,12,0.07692307692307693,7.6923076923076925
Brazil,SK,Sky Bet,14,0.06666666666666667,6.666666666666667
Brazil,PP,Paddy Power,14,0.06666666666666667,6.666666666666667
Brazil,AKB,AK Bets,14,0.06666666666666667,6.666666666666667
Brazil,BF,Betfair,147/10,0.06369426751592357,6.369426751592357
Brazil,MA,Matchbook,147/10,0.06369426751592357,6.369426751592357
Portugal,B3,bet365,12,0.07692307692307693,7.6923076923076925
Portugal,WH,William Hill,10,0.09090909090909091,9.090909090909092
Portugal,UN,Unibet,14,0.06666666666666667,6.666666666666667
Portugal,FR,Betfred,10,0.09090909090909091,9.090909090909092
Portugal,EE,888sport,10,0.09090909090909091,9.090909090909092
Portugal,SX,Spreadex,12,0.07692307692307693,7.6923076923076925
Portugal,LD,Ladbrokes,11,0.08333333333333333,8.333333333333332
Portugal,VC,Bet Victor,10,0.09090909090909091,9.090909090909092
Portugal,KN,BetMGM UK,9,0.1,10.0
Portugal,BY,Boylesports,11,0.08333333333333333,8.333333333333332
Portugal,OE,10Bet,10,0.09090909090909091,9.090909090909092
Portugal,S6,StarSports,12,0.07692307692307693,7.6923076923076925
Portugal,PUP,PricedUp,14,0.06666666666666667,6.666666666666667
Portugal,SI,Sporting Index,12,0.07692307692307693,7.6923076923076925
Portugal,G5,BetGoodwin,10,0.09090909090909091,9.090909090909092
Portugal,VE,Virgin Bet,9,0.1,10.0
Portugal,QN,QuinnBet,12,0.07692307692307693,7.6923076923076925
Portugal,WA,Betway,14,0.06666666666666667,6.666666666666667
Portugal,CE,Coral,11,0.08333333333333333,8.333333333333332
Portugal,BAH,BetAhoy,10,0.09090909090909091,9.090909090909092
Portugal,BTT,BetTom,10,0.09090909090909091,9.090909090909092
Portugal,BRS,BresBet,12,0.07692307692307693,7.6923076923076925
Portugal,SK,Sky Bet,14,0.06666666666666667,6.666666666666667
Portugal,PP,Paddy Power,14,0.06666666666666667,6.666666666666667
Portugal,AKB,AK Bets,15,0.0625,6.25
Portugal,BF,Betfair,157/10,0.059880239520958084,5.9880239520958085
Portugal,MA,Matchbook,157/10,0.059880239520958084,5.9880239520958085
Netherlands,B3,bet365,16,0.058823529411764705,5.88235294117647
Netherlands,WH,William Hill,14,0.06666666666666667,6.666666666666667
Netherlands,UN,Unibet,16,0.058823529411764705,5.88235294117647
Netherlands,FR,Betfred,16,0.058823529411764705,5.88235294117647
Netherlands,EE,888sport,14,0.06666666666666667,6.666666666666667
Netherlands,SX,Spreadex,16,0.058823529411764705,5.88235294117647
Netherlands,LD,Ladbrokes,16,0.058823529411764705,5.88235294117647
Netherlands,VC,Bet Victor,16,0.058823529411764705,5.88235294117647
Netherlands,KN,BetMGM UK,14,0.06666666666666667,6.666666666666667
Netherlands,BY,Boylesports,14,0.06666666666666667,6.666666666666667
Netherlands,OE,10Bet,14,0.06666666666666667,6.666666666666667
Netherlands,S6,StarSports,14,0.06666666666666667,6.666666666666667
Netherlands,PUP,PricedUp,18,0.05263157894736842,5.263157894736842
Netherlands,SI,Sporting Index,16,0.058823529411764705,5.88235294117647
Netherlands,G5,BetGoodwin,14,0.06666666666666667,6.666666666666667
Netherlands,VE,Virgin Bet,14,0.06666666666666667,6.666666666666667
Netherlands,QN,QuinnBet,16,0.058823529411764705,5.88235294117647
Netherlands,WA,Betway,16,0.058823529411764705,5.88235294117647
Netherlands,CE,Coral,16,0.058823529411764705,5.88235294117647
Netherlands,BAH,BetAhoy,14,0.06666666666666667,6.666666666666667
Netherlands,BTT,BetTom,14,0.06666666666666667,6.666666666666667
Netherlands,BRS,BresBet,14,0.06666666666666667,6.666666666666667
Netherlands,SK,Sky Bet,16,0.058823529411764705,5.88235294117647
Netherlands,PP,Paddy Power,16,0.058823529411764705,5.88235294117647
Netherlands,AKB,AK Bets,20,0.047619047619047616,4.761904761904762
Netherlands,BF,Betfair,93/5,0.05102040816326531,5.1020408163265305
Netherlands,MA,Matchbook,93/5,0.05102040816326531,5.1020408163265305
Germany,B3,bet365,20,0.047619047619047616,4.761904761904762
Germany,WH,William Hill,16,0.058823529411764705,5.88235294117647
Germany,UN,Unibet,20,0.047619047619047616,4.761904761904762
Germany,FR,Betfred,20,0.047619047619047616,4.761904761904762
Germany,EE,888sport,16,0.058823529411764705,5.88235294117647
Germany,SX,Spreadex,20,0.047619047619047616,4.761904761904762
Germany,LD,Ladbrokes,20,0.047619047619047616,4.761904761904762
Germany,VC,Bet Victor,20,0.047619047619047616,4.761904761904762
Germany,KN,BetMGM UK,20,0.047619047619047616,4.761904761904762
Germany,BY,Boylesports,20,0.047619047619047616,4.761904761904762
Germany,OE,10Bet,20,0.047619047619047616,4.761904761904762
Germany,S6,StarSports,18,0.05263157894736842,5.263157894736842
Germany,PUP,PricedUp,20,0.047619047619047616,4.761904761904762
Germany,SI,Sporting Index,20,0.047619047619047616,4.761904761904762
Germany,G5,BetGoodwin,18,0.05263157894736842,5.263157894736842
Germany,VE,Virgin Bet,20,0.047619047619047616,4.761904761904762
Germany,QN,QuinnBet,20,0.047619047619047616,4.761904761904762
Germany,WA,Betway,20,0.047619047619047616,4.761904761904762
Germany,CE,Coral,20,0.047619047619047616,4.761904761904762
Germany,BAH,BetAhoy,18,0.05263157894736842,5.263157894736842
Germany,BTT,BetTom,18,0.05263157894736842,5.263157894736842
Germany,BRS,BresBet,18,0.05263157894736842,5.263157894736842
Germany,SK,Sky Bet,14,0.06666666666666667,6.666666666666667
Germany,PP,Paddy Power,14,0.06666666666666667,6.666666666666667
Germany,AKB,AK Bets,22,0.043478260869565216,4.3478260869565215
Germany,BF,Betfair,25,0.038461538461538464,3.8461538461538463
Germany,MA,Matchbook,25,0.038461538461538464,3.8461538461538463
Colombia,B3,bet365,33,0.029411764705882353,2.941176470588235
Colombia,WH,William Hill,33,0.029411764705882353,2.941176470588235
Colombia,UN,Unibet,33,0.029411764705882353,2.941176470588235
Colombia,FR,Betfred,33,0.029411764705882353,2.941176470588235
Colombia,EE,888sport,33,0.029411764705882353,2.941176470588235
Colombia,SX,Spreadex,25,0.038461538461538464,3.8461538461538463
Colombia,LD,Ladbrokes,33,0.029411764705882353,2.941176470588235
Colombia,VC,Bet Victor,33,0.029411764705882353,2.941176470588235
Colombia,KN,BetMGM UK,33,0.029411764705882353,2.941176470588235
Colombia,BY,Boylesports,33,0.029411764705882353,2.941176470588235
Colombia,OE,10Bet,33,0.029411764705882353,2.941176470588235
Colombia,S6,StarSports,33,0.029411764705882353,2.941176470588235
Colombia,PUP,PricedUp,33,0.029411764705882353,2.941176470588235
Colombia,SI,Sporting Index,25,0.038461538461538464,3.8461538461538463
Colombia,G5,BetGoodwin,28,0.034482758620689655,3.4482758620689653
Colombia,VE,Virgin Bet,33,0.029411764705882353,2.941176470588235
Colombia,QN,QuinnBet,33,0.029411764705882353,2.941176470588235
Colombia,WA,Betway,33,0.029411764705882353,2.941176470588235
Colombia,CE,Coral,33,0.029411764705882353,2.941176470588235
Colombia,BAH,BetAhoy,28,0.034482758620689655,3.4482758620689653
Colombia,BTT,BetTom,28,0.034482758620689655,3.4482758620689653
Colombia,BRS,BresBet,33,0.029411764705882353,2.941176470588235
Colombia,SK,Sky Bet,33,0.029411764705882353,2.941176470588235
Colombia,PP,Paddy Power,33,0.029411764705882353,2.941176470588235
Colombia,AKB,AK Bets,35,0.027777777777777776,2.7777777777777777
Colombia,BF,Betfair,36,0.02702702702702703,2.7027027027027026
Colombia,MA,Matchbook,36,0.02702702702702703,2.7027027027027026
USA,B3,bet365,33,0.029411764705882353,2.941176470588235
USA,WH,William Hill,28,0.034482758620689655,3.4482758620689653
USA,UN,Unibet,30,0.03225806451612903,3.225806451612903
USA,FR,Betfred,28,0.034482758620689655,3.4482758620689653
USA,EE,888sport,28,0.034482758620689655,3.4482758620689653
USA,SX,Spreadex,33,0.029411764705882353,2.941176470588235
USA,LD,Ladbrokes,25,0.038461538461538464,3.8461538461538463
USA,VC,Bet Victor,33,0.029411764705882353,2.941176470588235
USA,KN,BetMGM UK,30,0.03225806451612903,3.225806451612903
USA,BY,Boylesports,33,0.029411764705882353,2.941176470588235
USA,OE,10Bet,33,0.029411764705882353,2.941176470588235
USA,S6,StarSports,28,0.034482758620689655,3.4482758620689653
USA,PUP,PricedUp,33,0.029411764705882353,2.941176470588235
USA,SI,Sporting Index,33,0.029411764705882353,2.941176470588235
USA,G5,BetGoodwin,25,0.038461538461538464,3.8461538461538463
USA,VE,Virgin Bet,30,0.03225806451612903,3.225806451612903
USA,QN,QuinnBet,33,0.029411764705882353,2.941176470588235
USA,WA,Betway,28,0.034482758620689655,3.4482758620689653
USA,CE,Coral,25,0.038461538461538464,3.8461538461538463
USA,BAH,BetAhoy,25,0.038461538461538464,3.8461538461538463
USA,BTT,BetTom,25,0.038461538461538464,3.8461538461538463
USA,BRS,BresBet,28,0.034482758620689655,3.4482758620689653
USA,SK,Sky Bet,40,0.024390243902439025,2.4390243902439024
USA,PP,Paddy Power,40,0.024390243902439025,2.4390243902439024
USA,AKB,AK Bets,40,0.024390243902439025,2.4390243902439024
USA,BF,Betfair,40,0.024390243902439025,2.4390243902439024
USA,MA,Matchbook,40,0.024390243902439025,2.4390243902439024
Norway,B3,bet365,33,0.029411764705882353,2.941176470588235
Norway,WH,William Hill,28,0.034482758620689655,3.4482758620689653
Norway,UN,Unibet,33,0.029411764705882353,2.941176470588235
Norway,FR,Betfred,33,0.029411764705882353,2.941176470588235
Norway,EE,888sport,28,0.034482758620689655,3.4482758620689653
Norway,SX,Spreadex,40,0.024390243902439025,2.4390243902439024
Norway,LD,Ladbrokes,33,0.029411764705882353,2.941176470588235
Norway,VC,Bet Victor,40,0.024390243902439025,2.4390243902439024
Norway,KN,BetMGM UK,33,0.029411764705882353,2.941176470588235
Norway,BY,Boylesports,33,0.029411764705882353,2.941176470588235
Norway,OE,10Bet,33,0.029411764705882353,2.941176470588235
Norway,S6,StarSports,33,0.029411764705882353,2.941176470588235
Norway,PUP,PricedUp,33,0.029411764705882353,2.941176470588235
Norway,SI,Sporting Index,40,0.024390243902439025,2.4390243902439024
Norway,G5,BetGoodwin,28,0.034482758620689655,3.4482758620689653
Norway,VE,Virgin Bet,33,0.029411764705882353,2.941176470588235
Norway,QN,QuinnBet,33,0.029411764705882353,2.941176470588235
Norway,WA,Betway,33,0.029411764705882353,2.941176470588235
Norway,CE,Coral,33,0.029411764705882353,2.941176470588235
Norway,BAH,BetAhoy,28,0.034482758620689655,3.4482758620689653
Norway,BTT,BetTom,28,0.034482758620689655,3.4482758620689653
Norway,BRS,BresBet,33,0.029411764705882353,2.941176470588235
Norway,SK,Sky Bet,33,0.029411764705882353,2.941176470588235
Norway,PP,Paddy Power,33,0.029411764705882353,2.941176470588235
Norway,AKB,AK Bets,40,0.024390243902439025,2.4390243902439024
Norway,BF,Betfair,46,0.02127659574468085,2.127659574468085
Norway,MA,Matchbook,46,0.02127659574468085,2.127659574468085
Belgium,B3,bet365,50,0.0196078431372549,1.9607843137254901
Belgium,WH,William Hill,40,0.024390243902439025,2.4390243902439024
Belgium,UN,Unibet,50,0.0196078431372549,1.9607843137254901
Belgium,FR,Betfred,40,0.024390243902439025,2.4390243902439024
Belgium,EE,888sport,40,0.024390243902439025,2.4390243902439024
Belgium,SX,Spreadex,50,0.0196078431372549,1.9607843137254901
Belgium,LD,Ladbrokes,40,0.024390243902439025,2.4390243902439024
Belgium,VC,Bet Victor,50,0.0196078431372549,1.9607843137254901
Belgium,KN,BetMGM UK,50,0.0196078431372549,1.9607843137254901
Belgium,BY,Boylesports,40,0.024390243902439025,2.4390243902439024
Belgium,OE,10Bet,45,0.021739130434782608,2.1739130434782608
Belgium,S6,StarSports,40,0.024390243902439025,2.4390243902439024
Belgium,PUP,PricedUp,50,0.0196078431372549,1.9607843137254901
Belgium,SI,Sporting Index,50,0.0196078431372549,1.9607843137254901
Belgium,G5,BetGoodwin,33,0.029411764705882353,2.941176470588235
Belgium,VE,Virgin Bet,50,0.0196078431372549,1.9607843137254901
Belgium,QN,QuinnBet,40,0.024390243902439025,2.4390243902439024
Belgium,WA,Betway,50,0.0196078431372549,1.9607843137254901
Belgium,CE,Coral,40,0.024390243902439025,2.4390243902439024
Belgium,BAH,BetAhoy,33,0.029411764705882353,2.941176470588235
Belgium,BTT,BetTom,33,0.029411764705882353,2.941176470588235
Belgium,BRS,BresBet,40,0.024390243902439025,2.4390243902439024
Belgium,SK,Sky Bet,50,0.0196078431372549,1.9607843137254901
Belgium,PP,Paddy Power,50,0.0196078431372549,1.9607843137254901
Belgium,AKB,AK Bets,55,0.017857142857142856,1.7857142857142856
Belgium,BF,Betfair,58,0.01694915254237288,1.694915254237288
Belgium,MA,Matchbook,58,0.01694915254237288,1.694915254237288
Morocco,B3,bet365,50,0.0196078431372549,1.9607843137254901
Morocco,WH,William Hill,40,0.024390243902439025,2.4390243902439024
Morocco,UN,Unibet,50,0.0196078431372549,1.9607843137254901
Morocco,FR,Betfred,50,0.0196078431372549,1.9607843137254901
Morocco,EE,888sport,40,0.024390243902439025,2.4390243902439024
Morocco,SX,Spreadex,50,0.0196078431372549,1.9607843137254901
Morocco,LD,Ladbrokes,50,0.0196078431372549,1.9607843137254901
Morocco,VC,Bet Victor,50,0.0196078431372549,1.9607843137254901
Morocco,KN,BetMGM UK,50,0.0196078431372549,1.9607843137254901
Morocco,BY,Boylesports,50,0.0196078431372549,1.9607843137254901
Morocco,OE,10Bet,50,0.0196078431372549,1.9607843137254901
Morocco,S6,StarSports,45,0.021739130434782608,2.1739130434782608
Morocco,PUP,PricedUp,50,0.0196078431372549,1.9607843137254901
Morocco,SI,Sporting Index,50,0.0196078431372549,1.9607843137254901
Morocco,G5,BetGoodwin,40,0.024390243902439025,2.4390243902439024
Morocco,VE,Virgin Bet,50,0.0196078431372549,1.9607843137254901
Morocco,QN,QuinnBet,50,0.0196078431372549,1.9607843137254901
Morocco,WA,Betway,50,0.0196078431372549,1.9607843137254901
Morocco,CE,Coral,50,0.0196078431372549,1.9607843137254901
Morocco,BAH,BetAhoy,40,0.024390243902439025,2.4390243902439024
Morocco,BTT,BetTom,40,0.024390243902439025,2.4390243902439024
Morocco,BRS,BresBet,45,0.021739130434782608,2.1739130434782608
Morocco,SK,Sky Bet,50,0.0196078431372549,1.9607843137254901
Morocco,PP,Paddy Power,50,0.0196078431372549,1.9607843137254901
Morocco,AKB,AK Bets,55,0.017857142857142856,1.7857142857142856
Morocco,BF,Betfair,63,0.015625,1.5625
Morocco,MA,Matchbook,58,0.01694915254237288,1.694915254237288
Japan,B3,bet365,66,0.014925373134328358,1.4925373134328357
Japan,WH,William Hill,40,0.024390243902439025,2.4390243902439024
Japan,UN,Unibet,50,0.0196078431372549,1.9607843137254901
Japan,FR,Betfred,50,0.0196078431372549,1.9607843137254901
Japan,EE,888sport,40,0.024390243902439025,2.4390243902439024
Japan,SX,Spreadex,50,0.0196078431372549,1.9607843137254901
Japan,LD,Ladbrokes,50,0.0196078431372549,1.9607843137254901
Japan,VC,Bet Victor,50,0.0196078431372549,1.9607843137254901
Japan,KN,BetMGM UK,66,0.014925373134328358,1.4925373134328357
Japan,BY,Boylesports,50,0.0196078431372549,1.9607843137254901
Japan,OE,10Bet,66,0.014925373134328358,1.4925373134328357
Japan,S6,StarSports,50,0.0196078431372549,1.9607843137254901
Japan,PUP,PricedUp,66,0.014925373134328358,1.4925373134328357
Japan,SI,Sporting Index,50,0.0196078431372549,1.9607843137254901
Japan,G5,BetGoodwin,40,0.024390243902439025,2.4390243902439024
Japan,VE,Virgin Bet,66,0.014925373134328358,1.4925373134328357
Japan,QN,QuinnBet,50,0.0196078431372549,1.9607843137254901
Japan,WA,Betway,66,0.014925373134328358,1.4925373134328357
Japan,CE,Coral,50,0.0196078431372549,1.9607843137254901
Japan,BAH,BetAhoy,40,0.024390243902439025,2.4390243902439024
Japan,BTT,BetTom,40,0.024390243902439025,2.4390243902439024
Japan,BRS,BresBet,50,0.0196078431372549,1.9607843137254901
Japan,SK,Sky Bet,66,0.014925373134328358,1.4925373134328357
Japan,PP,Paddy Power,66,0.014925373134328358,1.4925373134328357
Japan,AKB,AK Bets,66,0.014925373134328358,1.4925373134328357
Japan,BF,Betfair,68,0.014492753623188406,1.4492753623188406
Japan,MA,Matchbook,63,0.015625,1.5625
Mexico,B3,bet365,50,0.0196078431372549,1.9607843137254901
Mexico,WH,William Hill,40,0.024390243902439025,2.4390243902439024
Mexico,UN,Unibet,50,0.0196078431372549,1.9607843137254901
Mexico,FR,Betfred,40,0.024390243902439025,2.4390243902439024
Mexico,EE,888sport,40,0.024390243902439025,2.4390243902439024
Mexico,SX,Spreadex,50,0.0196078431372549,1.9607843137254901
Mexico,LD,Ladbrokes,50,0.0196078431372549,1.9607843137254901
Mexico,VC,Bet Victor,50,0.0196078431372549,1.9607843137254901
Mexico,KN,BetMGM UK,50,0.0196078431372549,1.9607843137254901
Mexico,BY,Boylesports,50,0.0196078431372549,1.9607843137254901
Mexico,OE,10Bet,50,0.0196078431372549,1.9607843137254901
Mexico,S6,StarSports,50,0.0196078431372549,1.9607843137254901
Mexico,PUP,PricedUp,60,0.01639344262295082,1.639344262295082
Mexico,SI,Sporting Index,50,0.0196078431372549,1.9607843137254901
Mexico,G5,BetGoodwin,33,0.029411764705882353,2.941176470588235
Mexico,VE,Virgin Bet,50,0.0196078431372549,1.9607843137254901
Mexico,QN,QuinnBet,40,0.024390243902439025,2.4390243902439024
Mexico,WA,Betway,40,0.024390243902439025,2.4390243902439024
Mexico,CE,Coral,50,0.0196078431372549,1.9607843137254901
Mexico,BAH,BetAhoy,33,0.029411764705882353,2.941176470588235
Mexico,BTT,BetTom,33,0.029411764705882353,2.941176470588235
Mexico,BRS,BresBet,50,0.0196078431372549,1.9607843137254901
Mexico,SK,Sky Bet,50,0.0196078431372549,1.9607843137254901
Mexico,PP,Paddy Power,50,0.0196078431372549,1.9607843137254901
Mexico,AKB,AK Bets,70,0.014084507042253521,1.4084507042253522
Mexico,BF,Betfair,68,0.014492753623188406,1.4492753623188406
Mexico,MA,Matchbook,63,0.015625,1.5625
Switzerland,B3,bet365,80,0.012345679012345678,1.2345679012345678
Switzerland,WH,William Hill,66,0.014925373134328358,1.4925373134328357
Switzerland,UN,Unibet,70,0.014084507042253521,1.4084507042253522
Switzerland,FR,Betfred,66,0.014925373134328358,1.4925373134328357
Switzerland,EE,888sport,66,0.014925373134328358,1.4925373134328357
Switzerland,SX,Spreadex,50,0.0196078431372549,1.9607843137254901
Switzerland,LD,Ladbrokes,66,0.014925373134328358,1.4925373134328357
Switzerland,VC,Bet Victor,66,0.014925373134328358,1.4925373134328357
Switzerland,KN,BetMGM UK,80,0.012345679012345678,1.2345679012345678
Switzerland,BY,Boylesports,66,0.014925373134328358,1.4925373134328357
Switzerland,OE,10Bet,75,0.013157894736842105,1.3157894736842104
Switzerland,S6,StarSports,66,0.014925373134328358,1.4925373134328357
Switzerland,PUP,PricedUp,66,0.014925373134328358,1.4925373134328357
Switzerland,SI,Sporting Index,50,0.0196078431372549,1.9607843137254901
Switzerland,G5,BetGoodwin,60,0.01639344262295082,1.639344262295082
Switzerland,VE,Virgin Bet,80,0.012345679012345678,1.2345679012345678
Switzerland,QN,QuinnBet,70,0.014084507042253521,1.4084507042253522
Switzerland,WA,Betway,66,0.014925373134328358,1.4925373134328357
Switzerland,CE,Coral,66,0.014925373134328358,1.4925373134328357
Switzerland,BAH,BetAhoy,60,0.01639344262295082,1.639344262295082
Switzerland,BTT,BetTom,60,0.01639344262295082,1.639344262295082
Switzerland,BRS,BresBet,66,0.014925373134328358,1.4925373134328357
Switzerland,SK,Sky Bet,66,0.014925373134328358,1.4925373134328357
Switzerland,PP,Paddy Power,66,0.014925373134328358,1.4925373134328357
Switzerland,AKB,AK Bets,50,0.0196078431372549,1.9607843137254901
Switzerland,BF,Betfair,87,0.011363636363636364,1.1363636363636365
Switzerland,MA,Matchbook,82,0.012048192771084338,1.2048192771084338
Ecuador,B3,bet365,125,0.007936507936507936,0.7936507936507936
Ecuador,WH,William Hill,125,0.007936507936507936,0.7936507936507936
Ecuador,UN,Unibet,125,0.007936507936507936,0.7936507936507936
Ecuador,FR,Betfred,125,0.007936507936507936,0.7936507936507936
Ecuador,EE,888sport,125,0.007936507936507936,0.7936507936507936
Ecuador,SX,Spreadex,100,0.009900990099009901,0.9900990099009901
Ecuador,LD,Ladbrokes,125,0.007936507936507936,0.7936507936507936
Ecuador,VC,Bet Victor,125,0.007936507936507936,0.7936507936507936
Ecuador,KN,BetMGM UK,125,0.007936507936507936,0.7936507936507936
Ecuador,BY,Boylesports,100,0.009900990099009901,0.9900990099009901
Ecuador,OE,10Bet,125,0.007936507936507936,0.7936507936507936
Ecuador,S6,StarSports,125,0.007936507936507936,0.7936507936507936
Ecuador,PUP,PricedUp,125,0.007936507936507936,0.7936507936507936
Ecuador,SI,Sporting Index,100,0.009900990099009901,0.9900990099009901
Ecuador,G5,BetGoodwin,100,0.009900990099009901,0.9900990099009901
Ecuador,VE,Virgin Bet,125,0.007936507936507936,0.7936507936507936
Ecuador,QN,QuinnBet,100,0.009900990099009901,0.9900990099009901
Ecuador,WA,Betway,125,0.007936507936507936,0.7936507936507936
Ecuador,CE,Coral,125,0.007936507936507936,0.7936507936507936
Ecuador,BAH,BetAhoy,100,0.009900990099009901,0.9900990099009901
Ecuador,BTT,BetTom,100,0.009900990099009901,0.9900990099009901
Ecuador,BRS,BresBet,125,0.007936507936507936,0.7936507936507936
Ecuador,SK,Sky Bet,150,0.006622516556291391,0.6622516556291391
Ecuador,PP,Paddy Power,150,0.006622516556291391,0.6622516556291391
Ecuador,AKB,AK Bets,150,0.006622516556291391,0.6622516556291391
Ecuador,BF,Betfair,146,0.006802721088435374,0.6802721088435374
Ecuador,MA,Matchbook,136,0.0072992700729927005,0.7299270072992701
Senegal,B3,bet365,125,0.007936507936507936,0.7936507936507936
Senegal,WH,William Hill,150,0.006622516556291391,0.6622516556291391
Senegal,UN,Unibet,125,0.007936507936507936,0.7936507936507936
Senegal,FR,Betfred,125,0.007936507936507936,0.7936507936507936
Senegal,EE,888sport,150,0.006622516556291391,0.6622516556291391
Senegal,SX,Spreadex,100,0.009900990099009901,0.9900990099009901
Senegal,LD,Ladbrokes,100,0.009900990099009901,0.9900990099009901
Senegal,VC,Bet Victor,125,0.007936507936507936,0.7936507936507936
Senegal,KN,BetMGM UK,125,0.007936507936507936,0.7936507936507936
Senegal,BY,Boylesports,100,0.009900990099009901,0.9900990099009901
Senegal,OE,10Bet,125,0.007936507936507936,0.7936507936507936
Senegal,S6,StarSports,125,0.007936507936507936,0.7936507936507936
Senegal,PUP,PricedUp,125,0.007936507936507936,0.7936507936507936
Senegal,SI,Sporting Index,100,0.009900990099009901,0.9900990099009901
Senegal,G5,BetGoodwin,80,0.012345679012345678,1.2345679012345678
Senegal,VE,Virgin Bet,125,0.007936507936507936,0.7936507936507936
Senegal,QN,QuinnBet,150,0.006622516556291391,0.6622516556291391
Senegal,WA,Betway,100,0.009900990099009901,0.9900990099009901
Senegal,CE,Coral,100,0.009900990099009901,0.9900990099009901
Senegal,BAH,BetAhoy,80,0.012345679012345678,1.2345679012345678
Senegal,BTT,BetTom,80,0.012345679012345678,1.2345679012345678
Senegal,BRS,BresBet,125,0.007936507936507936,0.7936507936507936
Senegal,SK,Sky Bet,100,0.009900990099009901,0.9900990099009901
Senegal,PP,Paddy Power,100,0.009900990099009901,0.9900990099009901
Senegal,AKB,AK Bets,150,0.006622516556291391,0.6622516556291391
Senegal,BF,Betfair,156,0.006369426751592357,0.6369426751592357
Senegal,MA,Matchbook,146,0.006802721088435374,0.6802721088435374
Croatia,B3,bet365,175,0.005681818181818182,0.5681818181818182
Croatia,WH,William Hill,100,0.009900990099009901,0.9900990099009901
Croatia,UN,Unibet,150,0.006622516556291391,0.6622516556291391
Croatia,FR,Betfred,100,0.009900990099009901,0.9900990099009901
Croatia,EE,888sport,100,0.009900990099009901,0.9900990099009901
Croatia,SX,Spreadex,175,0.005681818181818182,0.5681818181818182
Croatia,LD,Ladbrokes,100,0.009900990099009901,0.9900990099009901
Croatia,VC,Bet Victor,150,0.006622516556291391,0.6622516556291391
Croatia,KN,BetMGM UK,80,0.012345679012345678,1.2345679012345678
Croatia,BY,Boylesports,150,0.006622516556291391,0.6622516556291391
Croatia,OE,10Bet,150,0.006622516556291391,0.6622516556291391
Croatia,S6,StarSports,125,0.007936507936507936,0.7936507936507936
Croatia,PUP,PricedUp,125,0.007936507936507936,0.7936507936507936
Croatia,SI,Sporting Index,175,0.005681818181818182,0.5681818181818182
Croatia,G5,BetGoodwin,80,0.012345679012345678,1.2345679012345678
Croatia,VE,Virgin Bet,80,0.012345679012345678,1.2345679012345678
Croatia,QN,QuinnBet,125,0.007936507936507936,0.7936507936507936
Croatia,WA,Betway,100,0.009900990099009901,0.9900990099009901
Croatia,CE,Coral,100,0.009900990099009901,0.9900990099009901
Croatia,BAH,BetAhoy,80,0.012345679012345678,1.2345679012345678
Croatia,BTT,BetTom,80,0.012345679012345678,1.2345679012345678
Croatia,BRS,BresBet,125,0.007936507936507936,0.7936507936507936
Croatia,SK,Sky Bet,150,0.006622516556291391,0.6622516556291391
Croatia,PP,Paddy Power,150,0.006622516556291391,0.6622516556291391
Croatia,AKB,AK Bets,180,0.0055248618784530384,0.5524861878453038
Croatia,BF,Betfair,254,0.00392156862745098,0.39215686274509803
Croatia,MA,Matchbook,244,0.004081632653061225,0.40816326530612246
Ivory Coast,B3,bet365,200,0.004975124378109453,0.4975124378109453
Ivory Coast,WH,William Hill,150,0.006622516556291391,0.6622516556291391
Ivory Coast,UN,Unibet,200,0.004975124378109453,0.4975124378109453
Ivory Coast,FR,Betfred,150,0.006622516556291391,0.6622516556291391
Ivory Coast,EE,888sport,150,0.006622516556291391,0.6622516556291391
Ivory Coast,SX,Spreadex,175,0.005681818181818182,0.5681818181818182
Ivory Coast,LD,Ladbrokes,150,0.006622516556291391,0.6622516556291391
Ivory Coast,VC,Bet Victor,150,0.006622516556291391,0.6622516556291391
Ivory Coast,KN,BetMGM UK,200,0.004975124378109453,0.4975124378109453
Ivory Coast,BY,Boylesports,150,0.006622516556291391,0.6622516556291391
Ivory Coast,OE,10Bet,200,0.004975124378109453,0.4975124378109453
Ivory Coast,S6,StarSports,150,0.006622516556291391,0.6622516556291391
Ivory Coast,PUP,PricedUp,150,0.006622516556291391,0.6622516556291391
Ivory Coast,SI,Sporting Index,175,0.005681818181818182,0.5681818181818182
Ivory Coast,G5,BetGoodwin,125,0.007936507936507936,0.7936507936507936
Ivory Coast,VE,Virgin Bet,200,0.004975124378109453,0.4975124378109453
Ivory Coast,QN,QuinnBet,150,0.006622516556291391,0.6622516556291391
Ivory Coast,WA,Betway,125,0.007936507936507936,0.7936507936507936
Ivory Coast,CE,Coral,150,0.006622516556291391,0.6622516556291391
Ivory Coast,BAH,BetAhoy,125,0.007936507936507936,0.7936507936507936
Ivory Coast,BTT,BetTom,125,0.007936507936507936,0.7936507936507936
Ivory Coast,BRS,BresBet,150,0.006622516556291391,0.6622516556291391
Ivory Coast,SK,Sky Bet,150,0.006622516556291391,0.6622516556291391
Ivory Coast,PP,Paddy Power,150,0.006622516556291391,0.6622516556291391
Ivory Coast,AKB,AK Bets,225,0.004424778761061947,0.4424778761061947
Ivory Coast,BF,Betfair,264,0.0037735849056603774,0.37735849056603776
Ivory Coast,MA,Matchbook,254,0.00392156862745098,0.39215686274509803
Canada,B3,bet365,150,0.006622516556291391,0.6622516556291391
Canada,WH,William Hill,150,0.006622516556291391,0.6622516556291391
Canada,UN,Unibet,200,0.004975124378109453,0.4975124378109453
Canada,FR,Betfred,150,0.006622516556291391,0.6622516556291391
Canada,EE,888sport,150,0.006622516556291391,0.6622516556291391
Canada,SX,Spreadex,250,0.00398406374501992,0.398406374501992
Canada,LD,Ladbrokes,150,0.006622516556291391,0.6622516556291391
Canada,VC,Bet Victor,250,0.00398406374501992,0.398406374501992
Canada,KN,BetMGM UK,150,0.006622516556291391,0.6622516556291391
Canada,BY,Boylesports,150,0.006622516556291391,0.6622516556291391
Canada,OE,10Bet,150,0.006622516556291391,0.6622516556291391
Canada,S6,StarSports,150,0.006622516556291391,0.6622516556291391
Canada,PUP,PricedUp,150,0.006622516556291391,0.6622516556291391
Canada,SI,Sporting Index,250,0.00398406374501992,0.398406374501992
Canada,G5,BetGoodwin,125,0.007936507936507936,0.7936507936507936
Canada,VE,Virgin Bet,150,0.006622516556291391,0.6622516556291391
Canada,QN,QuinnBet,150,0.006622516556291391,0.6622516556291391
Canada,WA,Betway,125,0.007936507936507936,0.7936507936507936
Canada,CE,Coral,150,0.006622516556291391,0.6622516556291391
Canada,BAH,BetAhoy,125,0.007936507936507936,0.7936507936507936
Canada,BTT,BetTom,125,0.007936507936507936,0.7936507936507936
Canada,BRS,BresBet,150,0.006622516556291391,0.6622516556291391
Canada,SK,Sky Bet,150,0.006622516556291391,0.6622516556291391
Canada,PP,Paddy Power,150,0.006622516556291391,0.6622516556291391
Canada,AKB,AK Bets,150,0.006622516556291391,0.6622516556291391
Canada,BF,Betfair,430,0.002320185614849188,0.23201856148491878
Canada,MA,Matchbook,420,0.0023752969121140144,0.23752969121140144
Sweden,B3,bet365,250,0.00398406374501992,0.398406374501992
Sweden,WH,William Hill,200,0.004975124378109453,0.4975124378109453
Sweden,UN,Unibet,250,0.00398406374501992,0.398406374501992
Sweden,FR,Betfred,200,0.004975124378109453,0.4975124378109453
Sweden,EE,888sport,200,0.004975124378109453,0.4975124378109453
Sweden,SX,Spreadex,400,0.0024937655860349127,0.24937655860349126
Sweden,LD,Ladbrokes,250,0.00398406374501992,0.398406374501992
Sweden,VC,Bet Victor,250,0.00398406374501992,0.398406374501992
Sweden,KN,BetMGM UK,250,0.00398406374501992,0.398406374501992
Sweden,BY,Boylesports,250,0.00398406374501992,0.398406374501992
Sweden,OE,10Bet,250,0.00398406374501992,0.398406374501992
Sweden,S6,StarSports,200,0.004975124378109453,0.4975124378109453
Sweden,PUP,PricedUp,200,0.004975124378109453,0.4975124378109453
Sweden,SI,Sporting Index,400,0.0024937655860349127,0.24937655860349126
Sweden,G5,BetGoodwin,150,0.006622516556291391,0.6622516556291391
Sweden,VE,Virgin Bet,250,0.00398406374501992,0.398406374501992
Sweden,QN,QuinnBet,200,0.004975124378109453,0.4975124378109453
Sweden,WA,Betway,200,0.004975124378109453,0.4975124378109453
Sweden,CE,Coral,250,0.00398406374501992,0.398406374501992
Sweden,BAH,BetAhoy,150,0.006622516556291391,0.6622516556291391
Sweden,BTT,BetTom,150,0.006622516556291391,0.6622516556291391
Sweden,BRS,BresBet,200,0.004975124378109453,0.4975124378109453
Sweden,SK,Sky Bet,250,0.00398406374501992,0.398406374501992
Sweden,PP,Paddy Power,250,0.00398406374501992,0.398406374501992
Sweden,AKB,AK Bets,400,0.0024937655860349127,0.24937655860349126
Sweden,BF,Betfair,499,0.002,0.2
Sweden,MA,Matchbook,499,0.002,0.2
Austria,B3,bet365,250,0.00398406374501992,0.398406374501992
Austria,WH,William Hill,150,0.006622516556291391,0.6622516556291391
Austria,UN,Unibet,250,0.00398406374501992,0.398406374501992
Austria,FR,Betfred,200,0.004975124378109453,0.4975124378109453
Austria,EE,888sport,150,0.006622516556291391,0.6622516556291391
Austria,SX,Spreadex,400,0.0024937655860349127,0.24937655860349126
Austria,LD,Ladbrokes,250,0.00398406374501992,0.398406374501992
Austria,VC,Bet Victor,250,0.00398406374501992,0.398406374501992
Austria,KN,BetMGM UK,250,0.00398406374501992,0.398406374501992
Austria,BY,Boylesports,150,0.006622516556291391,0.6622516556291391
Austria,OE,10Bet,250,0.00398406374501992,0.398406374501992
Austria,S6,StarSports,150,0.006622516556291391,0.6622516556291391
Austria,PUP,PricedUp,150,0.006622516556291391,0.6622516556291391
Austria,SI,Sporting Index,400,0.0024937655860349127,0.24937655860349126
Austria,G5,BetGoodwin,150,0.006622516556291391,0.6622516556291391
Austria,VE,Virgin Bet,250,0.00398406374501992,0.398406374501992
Austria,QN,QuinnBet,200,0.004975124378109453,0.4975124378109453
Austria,WA,Betway,400,0.0024937655860349127,0.24937655860349126
Austria,CE,Coral,250,0.00398406374501992,0.398406374501992
Austria,BAH,BetAhoy,150,0.006622516556291391,0.6622516556291391
Austria,BTT,BetTom,150,0.006622516556291391,0.6622516556291391
Austria,BRS,BresBet,150,0.006622516556291391,0.6622516556291391
Austria,SK,Sky Bet,500,0.001996007984031936,0.19960079840319359
Austria,PP,Paddy Power,500,0.001996007984031936,0.19960079840319359
Austria,AKB,AK Bets,400,0.0024937655860349127,0.24937655860349126
Austria,BF,Betfair,587,0.0017006802721088435,0.17006802721088435
Austria,MA,Matchbook,587,0.0017006802721088435,0.17006802721088435
Australia,B3,bet365,250,0.00398406374501992,0.398406374501992
Australia,WH,William Hill,200,0.004975124378109453,0.4975124378109453
Australia,UN,Unibet,250,0.00398406374501992,0.398406374501992
Australia,FR,Betfred,200,0.004975124378109453,0.4975124378109453
Australia,EE,888sport,200,0.004975124378109453,0.4975124378109453
Australia,SX,Spreadex,500,0.001996007984031936,0.19960079840319359
Australia,LD,Ladbrokes,200,0.004975124378109453,0.4975124378109453
Australia,VC,Bet Victor,250,0.00398406374501992,0.398406374501992
Australia,KN,BetMGM UK,200,0.004975124378109453,0.4975124378109453
Australia,BY,Boylesports,250,0.00398406374501992,0.398406374501992
Australia,OE,10Bet,200,0.004975124378109453,0.4975124378109453
Australia,S6,StarSports,125,0.007936507936507936,0.7936507936507936
Australia,PUP,PricedUp,125,0.007936507936507936,0.7936507936507936
Australia,SI,Sporting Index,500,0.001996007984031936,0.19960079840319359
Australia,G5,BetGoodwin,200,0.004975124378109453,0.4975124378109453
Australia,VE,Virgin Bet,200,0.004975124378109453,0.4975124378109453
Australia,QN,QuinnBet,200,0.004975124378109453,0.4975124378109453
Australia,WA,Betway,250,0.00398406374501992,0.398406374501992
Australia,CE,Coral,200,0.004975124378109453,0.4975124378109453
Australia,BAH,BetAhoy,200,0.004975124378109453,0.4975124378109453
Australia,BTT,BetTom,200,0.004975124378109453,0.4975124378109453
Australia,BRS,BresBet,125,0.007936507936507936,0.7936507936507936
Australia,SK,Sky Bet,250,0.00398406374501992,0.398406374501992
Australia,PP,Paddy Power,250,0.00398406374501992,0.398406374501992
Australia,AKB,AK Bets,400,0.0024937655860349127,0.24937655860349126
Australia,BF,Betfair,607,0.001644736842105263,0.1644736842105263
Australia,MA,Matchbook,616,0.0016207455429497568,0.1620745542949757
Scotland,B3,bet365,4500,0.00022217285047767163,0.02221728504776716
Scotland,WH,William Hill,750,0.0013315579227696406,0.13315579227696406
Scotland,UN,Unibet,1000,0.000999000999000999,0.0999000999000999
Scotland,FR,Betfred,1000,0.000999000999000999,0.0999000999000999
Scotland,EE,888sport,750,0.0013315579227696406,0.13315579227696406
Scotland,SX,Spreadex,400,0.0024937655860349127,0.24937655860349126
Scotland,LD,Ladbrokes,750,0.0013315579227696406,0.13315579227696406
Scotland,VC,Bet Victor,2500,0.00039984006397441024,0.03998400639744103
Scotland,KN,BetMGM UK,2500,0.00039984006397441024,0.03998400639744103
Scotland,BY,Boylesports,1000,0.000999000999000999,0.0999000999000999
Scotland,OE,10Bet,800,0.0012484394506866417,0.12484394506866417
Scotland,S6,StarSports,1000,0.000999000999000999,0.0999000999000999
Scotland,PUP,PricedUp,1000,0.000999000999000999,0.0999000999000999
Scotland,SI,Sporting Index,400,0.0024937655860349127,0.24937655860349126
Scotland,G5,BetGoodwin,750,0.0013315579227696406,0.13315579227696406
Scotland,VE,Virgin Bet,2500,0.00039984006397441024,0.03998400639744103
Scotland,QN,QuinnBet,500,0.001996007984031936,0.19960079840319359
Scotland,WA,Betway,5000,0.0001999600079984003,0.01999600079984003
Scotland,CE,Coral,750,0.0013315579227696406,0.13315579227696406
Scotland,BAH,BetAhoy,750,0.0013315579227696406,0.13315579227696406
Scotland,BTT,BetTom,750,0.0013315579227696406,0.13315579227696406
Scotland,BRS,BresBet,1000,0.000999000999000999,0.0999000999000999
Scotland,SK,Sky Bet,3000,0.0003332222592469177,0.03332222592469177
Scotland,PP,Paddy Power,3000,0.0003332222592469177,0.03332222592469177
Scotland,AKB,AK Bets,2000,0.0004997501249375312,0.04997501249375312
Scotland,BF,Betfair,979,0.0010204081632653062,0.10204081632653061
Scotland,MA,Matchbook,979,0.0010204081632653062,0.10204081632653061
Ghana,B3,bet365,400,0.0024937655860349127,0.24937655860349126
Ghana,WH,William Hill,350,0.002849002849002849,0.2849002849002849
Ghana,UN,Unibet,400,0.0024937655860349127,0.24937655860349126
Ghana,FR,Betfred,300,0.0033222591362126247,0.33222591362126247
Ghana,EE,888sport,350,0.002849002849002849,0.2849002849002849
Ghana,SX,Spreadex,500,0.001996007984031936,0.19960079840319359
Ghana,LD,Ladbrokes,400,0.0024937655860349127,0.24937655860349126
Ghana,VC,Bet Victor,500,0.001996007984031936,0.19960079840319359
Ghana,KN,BetMGM UK,250,0.00398406374501992,0.398406374501992
Ghana,BY,Boylesports,350,0.002849002849002849,0.2849002849002849
Ghana,OE,10Bet,300,0.0033222591362126247,0.33222591362126247
Ghana,S6,StarSports,500,0.001996007984031936,0.19960079840319359
Ghana,PUP,PricedUp,500,0.001996007984031936,0.19960079840319359
Ghana,SI,Sporting Index,500,0.001996007984031936,0.19960079840319359
Ghana,G5,BetGoodwin,250,0.00398406374501992,0.398406374501992
Ghana,VE,Virgin Bet,250,0.00398406374501992,0.398406374501992
Ghana,QN,QuinnBet,300,0.0033222591362126247,0.33222591362126247
Ghana,WA,Betway,350,0.002849002849002849,0.2849002849002849
Ghana,CE,Coral,400,0.0024937655860349127,0.24937655860349126
Ghana,BAH,BetAhoy,250,0.00398406374501992,0.398406374501992
Ghana,BTT,BetTom,250,0.00398406374501992,0.398406374501992
Ghana,BRS,BresBet,500,0.001996007984031936,0.19960079840319359
Ghana,SK,Sky Bet,250,0.00398406374501992,0.398406374501992
Ghana,PP,Paddy Power,250,0.00398406374501992,0.398406374501992
Ghana,AKB,AK Bets,500,0.001996007984031936,0.19960079840319359
Ghana,BF,Betfair,665,0.0015015015015015015,0.15015015015015015
Ghana,MA,Matchbook,695,0.0014367816091954023,0.14367816091954022
Iran,B3,bet365,4500,0.00022217285047767163,0.02221728504776716
Iran,WH,William Hill,500,0.001996007984031936,0.19960079840319359
Iran,UN,Unibet,750,0.0013315579227696406,0.13315579227696406
Iran,FR,Betfred,750,0.0013315579227696406,0.13315579227696406
Iran,EE,888sport,500,0.001996007984031936,0.19960079840319359
Iran,SX,Spreadex,500,0.001996007984031936,0.19960079840319359
Iran,LD,Ladbrokes,400,0.0024937655860349127,0.24937655860349126
Iran,VC,Bet Victor,1000,0.000999000999000999,0.0999000999000999
Iran,KN,BetMGM UK,500,0.001996007984031936,0.19960079840319359
Iran,BY,Boylesports,750,0.0013315579227696406,0.13315579227696406
Iran,OE,10Bet,700,0.0014265335235378032,0.14265335235378032
Iran,S6,StarSports,500,0.001996007984031936,0.19960079840319359
Iran,PUP,PricedUp,500,0.001996007984031936,0.19960079840319359
Iran,SI,Sporting Index,500,0.001996007984031936,0.19960079840319359
Iran,G5,BetGoodwin,750,0.0013315579227696406,0.13315579227696406
Iran,VE,Virgin Bet,500,0.001996007984031936,0.19960079840319359
Iran,QN,QuinnBet,500,0.001996007984031936,0.19960079840319359
Iran,WA,Betway,750,0.0013315579227696406,0.13315579227696406
Iran,CE,Coral,400,0.0024937655860349127,0.24937655860349126
Iran,BAH,BetAhoy,500,0.001996007984031936,0.19960079840319359
Iran,BTT,BetTom,500,0.001996007984031936,0.19960079840319359
Iran,BRS,BresBet,500,0.001996007984031936,0.19960079840319359
Iran,SK,Sky Bet,750,0.0013315579227696406,0.13315579227696406
Iran,PP,Paddy Power,750,0.0013315579227696406,0.13315579227696406
Iran,AKB,AK Bets,1000,0.000999000999000999,0.0999000999000999
Iran,BF,Betfair,979,0.0010204081632653062,0.10204081632653061
Iran,MA,Matchbook,979,0.0010204081632653062,0.10204081632653061
Egypt,B3,bet365,250,0.00398406374501992,0.398406374501992
Egypt,WH,William Hill,250,0.00398406374501992,0.398406374501992
Egypt,UN,Unibet,250,0.00398406374501992,0.398406374501992
Egypt,FR,Betfred,250,0.00398406374501992,0.398406374501992
Egypt,EE,888sport,250,0.00398406374501992,0.398406374501992
Egypt,SX,Spreadex,500,0.001996007984031936,0.19960079840319359
Egypt,LD,Ladbrokes,250,0.00398406374501992,0.398406374501992
Egypt,VC,Bet Victor,250,0.00398406374501992,0.398406374501992
Egypt,KN,BetMGM UK,250,0.00398406374501992,0.398406374501992
Egypt,BY,Boylesports,250,0.00398406374501992,0.398406374501992
Egypt,OE,10Bet,250,0.00398406374501992,0.398406374501992
Egypt,S6,StarSports,200,0.004975124378109453,0.4975124378109453
Egypt,PUP,PricedUp,200,0.004975124378109453,0.4975124378109453
Egypt,SI,Sporting Index,500,0.001996007984031936,0.19960079840319359
Egypt,G5,BetGoodwin,200,0.004975124378109453,0.4975124378109453
Egypt,VE,Virgin Bet,250,0.00398406374501992,0.398406374501992
Egypt,QN,QuinnBet,250,0.00398406374501992,0.398406374501992
Egypt,WA,Betway,200,0.004975124378109453,0.4975124378109453
Egypt,CE,Coral,250,0.00398406374501992,0.398406374501992
Egypt,BAH,BetAhoy,200,0.004975124378109453,0.4975124378109453
Egypt,BTT,BetTom,200,0.004975124378109453,0.4975124378109453
Egypt,BRS,BresBet,200,0.004975124378109453,0.4975124378109453
Egypt,SK,Sky Bet,250,0.00398406374501992,0.398406374501992
Egypt,PP,Paddy Power,250,0.00398406374501992,0.398406374501992
Egypt,AKB,AK Bets,500,0.001996007984031936,0.19960079840319359
Egypt,BF,Betfair,587,0.0017006802721088435,0.17006802721088435
Egypt,MA,Matchbook,597,0.0016722408026755853,0.16722408026755853
Paraguay,B3,bet365,500,0.001996007984031936,0.19960079840319359
Paraguay,WH,William Hill,250,0.00398406374501992,0.398406374501992
Paraguay,UN,Unibet,500,0.001996007984031936,0.19960079840319359
Paraguay,FR,Betfred,500,0.001996007984031936,0.19960079840319359
Paraguay,EE,888sport,250,0.00398406374501992,0.398406374501992
Paraguay,SX,Spreadex,500,0.001996007984031936,0.19960079840319359
Paraguay,LD,Ladbrokes,500,0.001996007984031936,0.19960079840319359
Paraguay,VC,Bet Victor,750,0.0013315579227696406,0.13315579227696406
Paraguay,KN,BetMGM UK,500,0.001996007984031936,0.19960079840319359
Paraguay,BY,Boylesports,500,0.001996007984031936,0.19960079840319359
Paraguay,OE,10Bet,500,0.001996007984031936,0.19960079840319359
Paraguay,S6,StarSports,300,0.0033222591362126247,0.33222591362126247
Paraguay,PUP,PricedUp,300,0.0033222591362126247,0.33222591362126247
Paraguay,SI,Sporting Index,500,0.001996007984031936,0.19960079840319359
Paraguay,G5,BetGoodwin,250,0.00398406374501992,0.398406374501992
Paraguay,VE,Virgin Bet,500,0.001996007984031936,0.19960079840319359
Paraguay,QN,QuinnBet,400,0.0024937655860349127,0.24937655860349126
Paraguay,WA,Betway,300,0.0033222591362126247,0.33222591362126247
Paraguay,CE,Coral,500,0.001996007984031936,0.19960079840319359
Paraguay,BAH,BetAhoy,250,0.00398406374501992,0.398406374501992
Paraguay,BTT,BetTom,250,0.00398406374501992,0.398406374501992
Paraguay,BRS,BresBet,300,0.0033222591362126247,0.33222591362126247
Paraguay,SK,Sky Bet,500,0.001996007984031936,0.19960079840319359
Paraguay,PP,Paddy Power,500,0.001996007984031936,0.19960079840319359
Paraguay,AKB,AK Bets,750,0.0013315579227696406,0.13315579227696406
Paraguay,BF,Betfair,940,0.0010626992561105207,0.10626992561105207
Paraguay,MA,Matchbook,950,0.0010515247108307045,0.10515247108307045
DR Congo,B3,bet365,400,0.0024937655860349127,0.24937655860349126
DR Congo,WH,William Hill,500,0.001996007984031936,0.19960079840319359
DR Congo,UN,Unibet,750,0.0013315579227696406,0.13315579227696406
DR Congo,FR,Betfred,500,0.001996007984031936,0.19960079840319359
DR Congo,EE,888sport,500,0.001996007984031936,0.19960079840319359
DR Congo,SX,Spreadex,500,0.001996007984031936,0.19960079840319359
DR Congo,LD,Ladbrokes,500,0.001996007984031936,0.19960079840319359
DR Congo,VC,Bet Victor,1000,0.000999000999000999,0.0999000999000999
DR Congo,KN,BetMGM UK,400,0.0024937655860349127,0.24937655860349126
DR Congo,BY,Boylesports,400,0.0024937655860349127,0.24937655860349126
DR Congo,OE,10Bet,400,0.0024937655860349127,0.24937655860349126
DR Congo,S6,StarSports,500,0.001996007984031936,0.19960079840319359
DR Congo,PUP,PricedUp,750,0.0013315579227696406,0.13315579227696406
DR Congo,SI,Sporting Index,500,0.001996007984031936,0.19960079840319359
DR Congo,G5,BetGoodwin,500,0.001996007984031936,0.19960079840319359
DR Congo,VE,Virgin Bet,400,0.0024937655860349127,0.24937655860349126
DR Congo,QN,QuinnBet,750,0.0013315579227696406,0.13315579227696406
DR Congo,WA,Betway,500,0.001996007984031936,0.19960079840319359
DR Congo,CE,Coral,500,0.001996007984031936,0.19960079840319359
DR Congo,BAH,BetAhoy,500,0.001996007984031936,0.19960079840319359
DR Congo,BTT,BetTom,250,0.00398406374501992,0.398406374501992
DR Congo,BRS,BresBet,500,0.001996007984031936,0.19960079840319359
DR Congo,SK,Sky Bet,500,0.001996007984031936,0.19960079840319359
DR Congo,PP,Paddy Power,500,0.001996007984031936,0.19960079840319359
DR Congo,AKB,AK Bets,1000,0.000999000999000999,0.0999000999000999
DR Congo,BF,Betfair,979,0.0010204081632653062,0.10204081632653061
DR Congo,MA,Matchbook,979,0.0010204081632653062,0.10204081632653061
Cape Verde,B3,bet365,500,0.001996007984031936,0.19960079840319359
Cape Verde,WH,William Hill,1000,0.000999000999000999,0.0999000999000999
Cape Verde,UN,Unibet,750,0.0013315579227696406,0.13315579227696406
Cape Verde,FR,Betfred,500,0.001996007984031936,0.19960079840319359
Cape Verde,EE,888sport,1000,0.000999000999000999,0.0999000999000999
Cape Verde,SX,Spreadex,1000,0.000999000999000999,0.0999000999000999
Cape Verde,LD,Ladbrokes,500,0.001996007984031936,0.19960079840319359
Cape Verde,VC,Bet Victor,500,0.001996007984031936,0.19960079840319359
Cape Verde,KN,BetMGM UK,500,0.001996007984031936,0.19960079840319359
Cape Verde,BY,Boylesports,500,0.001996007984031936,0.19960079840319359
Cape Verde,OE,10Bet,550,0.0018148820326678765,0.18148820326678766
Cape Verde,S6,StarSports,500,0.001996007984031936,0.19960079840319359
Cape Verde,PUP,PricedUp,500,0.001996007984031936,0.19960079840319359
Cape Verde,SI,Sporting Index,1000,0.000999000999000999,0.0999000999000999
Cape Verde,G5,BetGoodwin,250,0.00398406374501992,0.398406374501992
Cape Verde,VE,Virgin Bet,500,0.001996007984031936,0.19960079840319359
Cape Verde,QN,QuinnBet,500,0.001996007984031936,0.19960079840319359
Cape Verde,WA,Betway,350,0.002849002849002849,0.2849002849002849
Cape Verde,CE,Coral,500,0.001996007984031936,0.19960079840319359
Cape Verde,BAH,BetAhoy,250,0.00398406374501992,0.398406374501992
Cape Verde,BTT,BetTom,250,0.00398406374501992,0.398406374501992
Cape Verde,BRS,BresBet,500,0.001996007984031936,0.19960079840319359
Cape Verde,SK,Sky Bet,500,0.001996007984031936,0.19960079840319359
Cape Verde,PP,Paddy Power,500,0.001996007984031936,0.19960079840319359
Cape Verde,AKB,AK Bets,1000,0.000999000999000999,0.0999000999000999
Cape Verde,BF,Betfair,979,0.0010204081632653062,0.10204081632653061
Cape Verde,MA,Matchbook,979,0.0010204081632653062,0.10204081632653061
South Africa,B3,bet365,500,0.001996007984031936,0.19960079840319359
South Africa,WH,William Hill,500,0.001996007984031936,0.19960079840319359
South Africa,UN,Unibet,1000,0.000999000999000999,0.0999000999000999
South Africa,FR,Betfred,500,0.001996007984031936,0.19960079840319359
South Africa,EE,888sport,500,0.001996007984031936,0.19960079840319359
South Africa,SX,Spreadex,500,0.001996007984031936,0.19960079840319359
South Africa,LD,Ladbrokes,500,0.001996007984031936,0.19960079840319359
South Africa,VC,Bet Victor,500,0.001996007984031936,0.19960079840319359
South Africa,KN,BetMGM UK,500,0.001996007984031936,0.19960079840319359
South Africa,BY,Boylesports,600,0.0016638935108153079,0.16638935108153077
South Africa,OE,10Bet,600,0.0016638935108153079,0.16638935108153077
South Africa,S6,StarSports,500,0.001996007984031936,0.19960079840319359
South Africa,PUP,PricedUp,500,0.001996007984031936,0.19960079840319359
South Africa,SI,Sporting Index,500,0.001996007984031936,0.19960079840319359
South Africa,G5,BetGoodwin,250,0.00398406374501992,0.398406374501992
South Africa,VE,Virgin Bet,500,0.001996007984031936,0.19960079840319359
South Africa,QN,QuinnBet,500,0.001996007984031936,0.19960079840319359
South Africa,WA,Betway,500,0.001996007984031936,0.19960079840319359
South Africa,CE,Coral,500,0.001996007984031936,0.19960079840319359
South Africa,BAH,BetAhoy,250,0.00398406374501992,0.398406374501992
South Africa,BTT,BetTom,250,0.00398406374501992,0.398406374501992
South Africa,BRS,BresBet,500,0.001996007984031936,0.19960079840319359
South Africa,SK,Sky Bet,750,0.0013315579227696406,0.13315579227696406
South Africa,PP,Paddy Power,750,0.0013315579227696406,0.13315579227696406
South Africa,AKB,AK Bets,1000,0.000999000999000999,0.0999000999000999
South Africa,BF,Betfair,979,0.0010204081632653062,0.10204081632653061
South Africa,MA,Matchbook,979,0.0010204081632653062,0.10204081632653061
Algeria,B3,bet365,300,0.0033222591362126247,0.33222591362126247
Algeria,WH,William Hill,500,0.001996007984031936,0.19960079840319359
Algeria,UN,Unibet,750,0.0013315579227696406,0.13315579227696406
Algeria,FR,Betfred,500,0.001996007984031936,0.19960079840319359
Algeria,EE,888sport,500,0.001996007984031936,0.19960079840319359
Algeria,SX,Spreadex,500,0.001996007984031936,0.19960079840319359
Algeria,LD,Ladbrokes,300,0.0033222591362126247,0.33222591362126247
Algeria,VC,Bet Victor,1000,0.000999000999000999,0.0999000999000999
Algeria,KN,BetMGM UK,200,0.004975124378109453,0.4975124378109453
Algeria,BY,Boylesports,200,0.004975124378109453,0.4975124378109453
Algeria,OE,10Bet,250,0.00398406374501992,0.398406374501992
Algeria,S6,StarSports,200,0.004975124378109453,0.4975124378109453
Algeria,PUP,PricedUp,500,0.001996007984031936,0.19960079840319359
Algeria,SI,Sporting Index,500,0.001996007984031936,0.19960079840319359
Algeria,G5,BetGoodwin,500,0.001996007984031936,0.19960079840319359
Algeria,VE,Virgin Bet,200,0.004975124378109453,0.4975124378109453
Algeria,QN,QuinnBet,500,0.001996007984031936,0.19960079840319359
Algeria,WA,Betway,500,0.001996007984031936,0.19960079840319359
Algeria,CE,Coral,300,0.0033222591362126247,0.33222591362126247
Algeria,BAH,BetAhoy,500,0.001996007984031936,0.19960079840319359
Algeria,BTT,BetTom,500,0.001996007984031936,0.19960079840319359
Algeria,BRS,BresBet,200,0.004975124378109453,0.4975124378109453
Algeria,SK,Sky Bet,150,0.006622516556291391,0.6622516556291391
Algeria,PP,Paddy Power,150,0.006622516556291391,0.6622516556291391
Algeria,AKB,AK Bets,500,0.001996007984031936,0.19960079840319359
Algeria,BF,Betfair,705,0.00141643059490085,0.141643059490085
Algeria,MA,Matchbook,812,0.0012300123001230013,0.12300123001230012
Bosnia and Herzegovina,B3,bet365,500,0.001996007984031936,0.19960079840319359
Bosnia and Herzegovina,WH,William Hill,500,0.001996007984031936,0.19960079840319359
Bosnia and Herzegovina,UN,Unibet,500,0.001996007984031936,0.19960079840319359
Bosnia and Herzegovina,FR,Betfred,500,0.001996007984031936,0.19960079840319359
Bosnia and Herzegovina,EE,888sport,250,0.00398406374501992,0.398406374501992
Bosnia and Herzegovina,SX,Spreadex,500,0.001996007984031936,0.19960079840319359
Bosnia and Herzegovina,LD,Ladbrokes,500,0.001996007984031936,0.19960079840319359
Bosnia and Herzegovina,VC,Bet Victor,500,0.001996007984031936,0.19960079840319359
Bosnia and Herzegovina,KN,BetMGM UK,500,0.001996007984031936,0.19960079840319359
Bosnia and Herzegovina,BY,Boylesports,500,0.001996007984031936,0.19960079840319359
Bosnia and Herzegovina,OE,10Bet,500,0.001996007984031936,0.19960079840319359
Bosnia and Herzegovina,S6,StarSports,500,0.001996007984031936,0.19960079840319359
Bosnia and Herzegovina,PUP,PricedUp,500,0.001996007984031936,0.19960079840319359
Bosnia and Herzegovina,SI,Sporting Index,500,0.001996007984031936,0.19960079840319359
Bosnia and Herzegovina,VE,Virgin Bet,500,0.001996007984031936,0.19960079840319359
Bosnia and Herzegovina,QN,QuinnBet,500,0.001996007984031936,0.19960079840319359
Bosnia and Herzegovina,WA,Betway,300,0.0033222591362126247,0.33222591362126247
Bosnia and Herzegovina,CE,Coral,500,0.001996007984031936,0.19960079840319359
Bosnia and Herzegovina,BRS,BresBet,500,0.001996007984031936,0.19960079840319359
Bosnia and Herzegovina,SK,Sky Bet,500,0.001996007984031936,0.19960079840319359
Bosnia and Herzegovina,PP,Paddy Power,500,0.001996007984031936,0.19960079840319359
Bosnia and Herzegovina,AKB,AK Bets,1000,0.000999000999000999,0.0999000999000999
Bosnia and Herzegovina,BF,Betfair,920,0.0010857763300760044,0.10857763300760044
Bosnia and Herzegovina,MA,Matchbook,979,0.0010204081632653062,0.10204081632653061
Uzbekistan,B3,bet365,4500,0.00022217285047767163,0.02221728504776716
Uzbekistan,WH,William Hill,1500,0.0006662225183211193,0.06662225183211193
Uzbekistan,UN,Unibet,1000,0.000999000999000999,0.0999000999000999
Uzbekistan,FR,Betfred,1500,0.0006662225183211193,0.06662225183211193
Uzbekistan,EE,888sport,1000,0.000999000999000999,0.0999000999000999
Uzbekistan,SX,Spreadex,1000,0.000999000999000999,0.0999000999000999
Uzbekistan,LD,Ladbrokes,1000,0.000999000999000999,0.0999000999000999
Uzbekistan,VC,Bet Victor,2000,0.0004997501249375312,0.04997501249375312
Uzbekistan,KN,BetMGM UK,1500,0.0006662225183211193,0.06662225183211193
Uzbekistan,BY,Boylesports,1000,0.000999000999000999,0.0999000999000999
Uzbekistan,OE,10Bet,1000,0.000999000999000999,0.0999000999000999
Uzbekistan,S6,StarSports,1500,0.0006662225183211193,0.06662225183211193
Uzbekistan,PUP,PricedUp,1500,0.0006662225183211193,0.06662225183211193
Uzbekistan,SI,Sporting Index,1000,0.000999000999000999,0.0999000999000999
Uzbekistan,G5,BetGoodwin,1000,0.000999000999000999,0.0999000999000999
Uzbekistan,VE,Virgin Bet,1500,0.0006662225183211193,0.06662225183211193
Uzbekistan,QN,QuinnBet,1500,0.0006662225183211193,0.06662225183211193
Uzbekistan,WA,Betway,5000,0.0001999600079984003,0.01999600079984003
Uzbekistan,CE,Coral,1000,0.000999000999000999,0.0999000999000999
Uzbekistan,BAH,BetAhoy,1000,0.000999000999000999,0.0999000999000999
Uzbekistan,BTT,BetTom,1000,0.000999000999000999,0.0999000999000999
Uzbekistan,BRS,BresBet,1500,0.0006662225183211193,0.06662225183211193
Uzbekistan,SK,Sky Bet,1500,0.0006662225183211193,0.06662225183211193
Uzbekistan,PP,Paddy Power,1500,0.0006662225183211193,0.06662225183211193
Uzbekistan,AKB,AK Bets,2500,0.00039984006397441024,0.03998400639744103
Uzbekistan,BF,Betfair,979,0.0010204081632653062,0.10204081632653061
Uzbekistan,MA,Matchbook,979,0.0010204081632653062,0.10204081632653061
